{"cameraMode":{"drawMode":0,"name":"Shaded","section":"Shading Mode"},"sceneLighting":false,"audioPlay":false,"sceneViewState":{"showFog":true,"showMaterialUpdate":false,"showSkybox":true,"showFlares":true,"showImageEffects":true,"showParticleSystems":true},"in2DMode":false,"pivot":{"x":0.9210755825042725,"y":1.1567535400390626,"z":-9.150835037231446},"rotation":{"x":-0.19383275508880616,"y":0.24060410261154176,"z":-0.04910124093294144,"w":-0.9498152136802673},"size":4.481658935546875,"orthographic":false}